CREATE TABLE Student (FirstName varchar(20) NOT NULL,LastName varchar(20),Age INTEGER,City varchar(10));INSERT INTO Student VALUE ("Aditya", "Hoora" , 24 , " Banglore");INSERT INTO Student VALUE ("Zoya" , " Siddique", 21, " Mumbai");INSERT INTO Student VALUE ("Suizue" , " Suizie", 18, "Sikkim");INSERT INTO Student VALUE ("Ayan" , " Triupati" ,28, " Haryana");INSERT INTO Student VALUE ("Resmi", " Rupali", 14, "Haryana");CREATE TABLE Student1 (FirstName varchar(20) NOT NULL,LastName varchar(20),Age INTEGER,City varchar(10));INSERT INTO Student1 VALUE ("Aditya", "Hoora" , 24 , " Banglore");INSERT INTO Student1 VALUE ("Zoya" , " Siddique", 21, " Mumbai");INSERT INTO Student1 VALUE ("Suizue" , " Suizie", 18, "Sikkim");INSERT INTO Student1 VALUE ("Ayan" , " Triupati" ,28, " Haryana");INSERT INTO Student1 VALUE ("Resmi", " Rupali", 14, "Haryana");CREATE TABLE Student2 (FirstName varchar(20) NOT NULL,LastName varchar(20),Age INTEGER,City varchar(10));INSERT INTO Student2 VALUE ("Aditya", "Hoora" , 24 , " Banglore");INSERT INTO Student2 VALUE ("Zoya" , " Siddique", 21, " Mumbai");INSERT INTO Student2 VALUE ("Suizue" , " Suizie", 18, "Sikkim");INSERT INTO Student2 VALUE ("Ayan" , " Triupati" ,28, " Haryana");INSERT INTO Student2 VALUE ("Resmi", " Rupali", 14, "Haryana");CREATE TABLE Student3 (FirstName varchar(20) NOT NULL,LastName varchar(20),Age INTEGER,City varchar(10));INSERT INTO Student3 VALUE ("Aditya", "Hoora" , 24 , " Banglore");INSERT INTO Student3 VALUE ("Zoya" , " Siddique", 21, " Mumbai");INSERT INTO Student3 VALUE ("Suizue" , " Suizie", 18, "Sikkim");INSERT INTO Student3 VALUE ("Ayan" , " Triupati" ,28, " Haryana");INSERT INTO Student3 VALUE ("Resmi", " Rupali", 14, "Haryana");SHOW TABLES;